{"cameraMode":{"drawMode":0,"name":"Shaded","section":"Shading Mode"},"sceneLighting":false,"audioPlay":false,"sceneViewState":{"m_AlwaysRefresh":false,"showFog":true,"showSkybox":false,"showFlares":true,"showImageEffects":true,"showParticleSystems":true,"showVisualEffectGraphs":true,"m_FxEnabled":true},"in2DMode":false,"pivot":{"x":-0.035827115178108218,"y":0.6762367486953735,"z":-0.29579734802246096},"rotation":{"x":-0.0009850687347352505,"y":-0.9851194024085999,"z":0.17195352911949159,"w":-0.0056235296651721},"size":1.4710010290145875,"orthographic":false}