{"cameraMode":{"drawMode":0,"name":"Shaded","section":"Shading Mode"},"sceneLighting":true,"audioPlay":false,"sceneViewState":{"m_AlwaysRefresh":false,"showFog":true,"showSkybox":true,"showFlares":true,"showImageEffects":true,"showParticleSystems":true,"showVisualEffectGraphs":true,"m_FxEnabled":true},"in2DMode":false,"pivot":{"x":377.52020263671877,"y":119.32564544677735,"z":-16.59808349609375},"rotation":{"x":0.016979139298200609,"y":-0.9789994955062866,"z":0.18149815499782563,"w":0.09159816056489945},"size":132.854736328125,"orthographic":false}